2025-11-16_22-14-58,None,draft.py:2025-11-16_22-14-58
2025-11-16_22-18-51,None,draft.py:2025-11-16_22-18-51
2025-11-16_22-19-13,None,draft.py:2025-11-16_22-18-51
2025-11-16_22-19-13,None,draft.py:2025-11-16_22-18-51
2025-11-16_22-33-39,None,draft.py:2025-11-16_22-33-39
2025-11-16_22-34-58,None,draft.py:2025-11-16_22-34-58
2025-11-16_22-35-37,None,draft.py:2025-11-16_22-35-37
2025-11-16_22-37-46,None,draft.py:2025-11-16_22-37-46
2025-11-16_22-38-32,None,draft.py:2025-11-16_22-38-32
2025-11-16_22-38-40,None,draft.py:2025-11-16_22-38-40
2025-11-16_22-39-32,None,draft.py:2025-11-16_22-39-32
2025-11-16_22-39-41,None,draft.py:2025-11-16_22-39-32
2025-11-16_22-40-43,None,draft.py:2025-11-16_22-40-43
2025-11-16_22-43-29,None,draft.py:2025-11-16_22-43-29
2025-11-16_22-43-40,None,draft.py:2025-11-16_22-43-40
2025-11-16_22-43-52,None,draft.py:2025-11-16_22-43-52
2025-11-16_22-44-06,None,draft.py:2025-11-16_22-44-06
2025-11-16_22-45-09,None,draft.py:2025-11-16_22-45-09
2025-11-16_22-45-35,None,draft.py:2025-11-16_22-45-35
2025-11-16_22-46-46,None,draft.py:2025-11-16_22-46-46
2025-11-16_22-48-21,None,draft.py:2025-11-16_22-48-21
2025-11-16_22-51-59,None,draft.py:2025-11-16_22-51-59
2025-11-16_22-52-44,None,draft.py:2025-11-16_22-52-44
