2025-11-16_10-55-54,None,draft.py:2025-11-16_10-55-54

2025-11-16_15-16-32,None,draft.py:2025-11-16_15-16-32

2025-11-16_15-19-26,None,draft.py:2025-11-16_15-19-26

2025-11-16_15-21-31,None,draft.py:2025-11-16_15-21-31

2025-11-16_15-21-56,None,draft.py:2025-11-16_15-21-31

2025-11-16_15-23-05,None,draft.py:2025-11-16_15-21-31

2025-11-16_15-23-28,None,draft.py:2025-11-16_15-21-31

2025-11-16_15-25-01,None,draft.py:2025-11-16_15-25-01

2025-11-16_15-25-06,None,draft.py:2025-11-16_15-25-06

2025-11-16_15-25-19,None,draft.py:2025-11-16_15-25-19

2025-11-16_15-25-27,None,draft.py:2025-11-16_15-25-27

