2025-11-09_13-25-04,---,draft.py:2025-11-09_13-25-04
2025-11-09_13-27-50,---,draft.py:2025-11-09_13-27-50
2025-11-09_13-29-07,---,draft.py:2025-11-09_13-29-07
2025-11-09_13-49-56,---,draft.py:2025-11-09_13-49-56
2025-11-10_07-51-26,None,draft.py:2025-11-10_07-51-26
2025-11-10_07-52-52,None,draft.py:2025-11-10_07-52-52
2025-11-10_07-58-03,None,draft.py:2025-11-10_07-58-03
2025-11-10_07-58-55,None,draft.py:2025-11-10_07-58-55
2025-11-10_08-01-35,None,draft.py:2025-11-10_08-01-35
2025-11-10_08-07-54,None,draft.py:2025-11-10_08-07-54
2025-11-10_08-09-04,None,draft.py:2025-11-10_08-09-04
2025-11-11_10-00-44,None,draft.py:2025-11-10_08-09-04
2025-11-11_10-06-51,None,draft.py:2025-11-11_10-06-51
2025-11-11_10-08-45,None,draft.py:2025-11-11_10-08-45
2025-11-11_10-19-21,None,draft.py:2025-11-11_10-19-21
2025-11-11_10-22-22,None,draft.py:2025-11-11_10-19-21
2025-11-12_08-03-41,None,draft.py:2025-11-11_10-19-21
2025-11-12_08-04-54,None,draft.py:2025-11-11_10-19-21
2025-11-12_08-06-37,None,draft.py:2025-11-11_10-19-21
2025-11-12_08-08-18,None,draft.py:2025-11-12_08-08-18
2025-11-12_08-12-34,None,draft.py:2025-11-12_08-12-34
2025-11-12_08-12-59,None,draft.py:2025-11-12_08-12-59
2025-11-12_08-16-06,None,draft.py:2025-11-12_08-16-06
2025-11-12_08-18-06,None,draft.py:2025-11-12_08-18-06
2025-11-12_10-35-03,None,draft.py:2025-11-12_10-35-03
2025-11-12_10-36-23,None,draft.py:2025-11-12_10-36-23
2025-11-12_10-40-43,None,draft.py:2025-11-12_10-40-43
2025-11-12_10-41-27,None,draft.py:2025-11-12_10-41-27
