2025-11-09_11-38-39,---,draft.py:2025-11-09_11-38-39
2025-11-09_11-45-07,---,draft.py:2025-11-09_11-38-39
2025-11-09_11-51-38,---,draft.py:2025-11-09_11-51-38
2025-11-09_11-52-45,---,draft.py:2025-11-09_11-51-38
2025-11-16_22-53-26,None,draft.py:2025-11-16_22-53-26
2025-11-16_22-53-36,None,draft.py:2025-11-16_22-53-26
2025-11-16_22-54-22,None,draft.py:2025-11-16_22-53-26
2025-11-16_22-59-28,None,draft.py:2025-11-16_22-59-28
2025-11-16_23-05-19,None,draft.py:2025-11-16_23-05-19
2025-11-16_23-06-05,None,draft.py:2025-11-16_23-06-05
